{
  "type": "TRANSACTION",
  "HMAC": "4ea18d1378feecd5c84396283ac4494f3d98cf775e7b7519f9c1a3b012d63ca79b1bc69e771a3b2862f49641082360333720c05c78171f1879261ec82c9b7345",
  "obj": {
    "id": 165551666,
    "pending": false,
    "amount_cents": 10000,
    "success": true,
    "is_auth": false,
    "is_capture": false,
    "is_standalone_payment": true,
    "is_voided": false,
    "is_refunded": false,
    "is_3d_secure": true,
    "integration_id": 4488070,
    "profile_id": 960560,
    "has_parent_transaction": false,
    "order": {
      "id": 188256804,
      "created_at": "2024-02-25T02:01:54.970595",
      "delivery_needed": false,
      "merchant": {
        "id": 960560,
        "created_at": "2024-02-18T21:58:34.924927",
        "phones": [
          "+201098238454"
        ],
        "company_emails": [
          "hamzasabermahmoud@gmail.com"
        ],
        "company_name": "Hamza",
        "state": "",
        "country": "EGY",
        "city": "Cairo",
        "postal_code": "",
        "street": ""
      },
      "collector": null,
      "amount_cents": 10000,
      "shipping_data": {
        "id": 93364501,
        "first_name": "user2",
        "last_name": "NA",
        "street": "NA",
        "building": "NA",
        "floor": "NA",
        "apartment": "NA",
        "city": "NA",
        "state": "NA",
        "country": "NA",
        "email": "user2@safwa.com",
        "phone_number": "NA",
        "postal_code": "NA",
        "extra_description": "",
        "shipping_method": "UNK",
        "order_id": 188256804,
        "order": 188256804
      },
      "currency": "EGP",
      "is_payment_locked": false,
      "is_return": false,
      "is_cancel": false,
      "is_returned": false,
      "is_canceled": false,
      "merchant_order_id": "65da8371274aa8fa4c51913c",
      "wallet_notification": null,
      "paid_amount_cents": 10000,
      "notify_user_with_email": false,
      "items": [
        {
          "name": "yyye",
          "description": "Consultation",
          "amount_cents": 10000,
          "quantity": 1
        }
      ],
      "order_url": "https://accept.paymob.com/standalone/?ref=i_LRR2cHBuTlFITWRPOE4yT0Z3ZjJJMnVYZz09X1FDOVRpSzdNWm9WWTZiRWVQU3c5M3c9PQ",
      "commission_fees": 0,
      "delivery_fees_cents": 0,
      "delivery_vat_cents": 0,
      "payment_method": "tbc",
      "merchant_staff_tag": null,
      "api_source": "OTHER",
      "data": {}
    },
    "created_at": "2024-02-25T02:02:33.510578",
    "transaction_processed_callback_responses": [],
    "currency": "EGP",
    "source_data": {
      "pan": "2346",
      "type": "card",
      "tenure": null,
      "sub_type": "MasterCard"
    },
    "api_source": "IFRAME",
    "terminal_id": null,
    "merchant_commission": 0,
    "installment": null,
    "discount_details": [],
    "is_void": false,
    "is_refund": false,
    "data": {
      "gateway_integration_pk": 4488070,
      "klass": "MigsPayment",
      "created_at": "2024-02-25T00:02:52.944052",
      "amount": 10000,
      "currency": "EGP",
      "migs_order": {
        "acceptPartialAmount": false,
        "amount": 100,
        "authenticationStatus": "AUTHENTICATION_SUCCESSFUL",
        "chargeback": {
          "amount": 0,
          "currency": "EGP"
        },
        "creationTime": "2024-02-25T00:02:48.751Z",
        "currency": "EGP",
        "description": "PAYMOB Hamza",
        "id": "188256804",
        "lastUpdatedTime": "2024-02-25T00:02:52.764Z",
        "merchantAmount": 100,
        "merchantCategoryCode": "7299",
        "merchantCurrency": "EGP",
        "status": "CAPTURED",
        "totalAuthorizedAmount": 100,
        "totalCapturedAmount": 100,
        "totalRefundedAmount": 0
      },
      "merchant": "TESTMERCH_C_25P",
      "migs_result": "SUCCESS",
      "migs_transaction": {
        "acquirer": {
          "batch": 20240225,
          "date": "0225",
          "id": "BMNF_S2I",
          "merchantId": "MERCH_C_25P",
          "settlementDate": "2024-02-25",
          "timeZone": "+0200",
          "transactionId": "123456789"
        },
        "amount": 100,
        "authenticationStatus": "AUTHENTICATION_SUCCESSFUL",
        "authorizationCode": "080665",
        "currency": "EGP",
        "id": "165551666",
        "receipt": "405600080665",
        "source": "INTERNET",
        "stan": "80665",
        "terminal": "BMNF0506",
        "type": "PAYMENT"
      },
      "txn_response_code": "APPROVED",
      "acq_response_code": "00",
      "message": "Approved",
      "merchant_txn_ref": "165551666",
      "order_info": "188256804",
      "receipt_no": "405600080665",
      "transaction_no": "123456789",
      "batch_no": 20240225,
      "authorize_id": "080665",
      "card_type": "MASTERCARD",
      "card_num": "512345xxxxxx2346",
      "secure_hash": "",
      "avs_result_code": "",
      "avs_acq_response_code": "00",
      "captured_amount": 100,
      "authorised_amount": 100,
      "refunded_amount": 0,
      "acs_eci": "02"
    },
    "is_hidden": false,
    "payment_key_claims": {
      "exp": 1708822915,
      "extra": {},
      "pmk_ip": "156.205.161.120",
      "user_id": 1754118,
      "currency": "EGP",
      "order_id": 188256804,
      "amount_cents": 10000,
      "billing_data": {
        "city": "NA",
        "email": "user2@safwa.com",
        "floor": "NA",
        "state": "NA",
        "street": "NA",
        "country": "NA",
        "building": "NA",
        "apartment": "NA",
        "last_name": "NA",
        "first_name": "user2",
        "postal_code": "NA",
        "phone_number": "NA",
        "extra_description": "NA"
      },
      "integration_id": 4488070,
      "lock_order_when_paid": true,
      "single_payment_attempt": false
    },
    "error_occured": false,
    "is_live": false,
    "other_endpoint_reference": null,
    "refunded_amount_cents": 0,
    "source_id": -1,
    "is_captured": false,
    "captured_amount": 0,
    "merchant_staff_tag": null,
    "updated_at": "2024-02-25T02:02:52.952253",
    "is_settled": false,
    "bill_balanced": false,
    "is_bill": false,
    "owner": 1754118,
    "parent_transaction": null
  },
  "issuer_bank": null,
  "transaction_processed_callback_responses": ""
}